date,at,ndvi,pr,lst
01/01/2000,31.71,,12.15,30.17
01/02/2000,32.15,0.46,10.57,32.78
01/03/2000,31.47,0.53,175,29.48
01/04/2000,30.96,0.68,169.13,26.67
01/05/2000,30.51,0.71,49,35.82
01/06/2000,28.85,0.67,95.83,32.43
01/07/2000,28.88,0.63,20.95,36.75
01/08/2000,28.71,0.56,41.9,34.29
01/09/2000,30.05,0.48,8.26,28.19
01/10/2000,31.16,0.39,6.36,30.07
01/11/2000,31.34,0.41,75.81,28.99
01/12/2000,30.97,0.6,196.57,32.11
01/01/2001,30.1,0.67,70.15,33.73
01/02/2001,32.44,0.64,72.87,30.92
01/03/2001,32.35,0.67,125.38,37.88
01/04/2001,30.15,0.71,241.39,27.92
01/05/2001,29.99,0.73,114.88,31.14
01/06/2001,29.25,0.71,28.98,32.7
01/07/2001,29.14,0.61,15.33,30.31
01/08/2001,29.42,0.55,5.44,37.04
01/09/2001,30.05,0.47,6.05,31.54
01/10/2001,31.01,0.43,7.11,32
01/11/2001,31.49,0.4,27.87,40.62
01/12/2001,31.48,0.41,80.32,28.49
01/01/2002,31.38,0.54,88.04,32.03
01/02/2002,31.66,0.59,105.84,31.07
01/03/2002,31.35,0.63,187.36,28.94
01/04/2002,29.91,0.73,402.54,27.87
01/05/2002,30.68,0.7,39.15,27.31
01/06/2002,29.94,0.68,10.24,30.32
01/07/2002,29.66,0.63,24.44,29.49
01/08/2002,28.92,0.63,91.38,35.44
01/09/2002,29.55,0.6,52.84,32.76
01/10/2002,31.12,0.55,68.46,28.91
01/11/2002,31.47,0.59,83.84,33.9
01/12/2002,32.06,0.62,123.82,28.65
01/01/2003,31.81,0.64,22.26,33.27
01/02/2003,33.03,0.56,30.29,32.42
01/03/2003,33.07,0.53,101.13,37.74
01/04/2003,32.81,0.62,47.8,28.96
01/05/2003,30.84,0.63,129.77,30.35
01/06/2003,30.05,0.66,83.16,34.11
01/07/2003,28.14,0.62,19.26,34.08
01/08/2003,29.94,0.52,2,35.93
01/09/2003,30.43,0.45,13.03,34.86
01/10/2003,31.99,0.38,29.63,31.47
01/11/2003,32.19,0.42,54.94,36.59
01/12/2003,32.28,0.51,34.52,29.25
01/01/2004,32.29,0.44,69.73,32.96
01/02/2004,31.89,0.57,160.61,28.92
01/03/2004,31.95,0.63,131.72,29.97
01/04/2004,30.06,0.68,253.45,33.27
01/05/2004,30.84,0.66,13.75,35.55
01/06/2004,29.35,0.6,42.7,29.61
01/07/2004,29.44,0.56,2.88,38.91
01/08/2004,30.3,0.45,5.13,32.26
01/09/2004,29.65,0.39,36.2,33.46
01/10/2004,29.74,0.51,101.12,31.03
01/11/2004,30.64,0.6,81.69,29.39
01/12/2004,30.26,0.66,148.52,31.05
01/01/2005,31.91,0.66,109.76,32.51
01/02/2005,32.85,0.64,39.58,28.72
01/03/2005,32.51,0.62,123.72,37.26
01/04/2005,30.98,0.68,125.85,25.61
01/05/2005,30.48,0.71,203,32.36
01/06/2005,30.34,0.67,6.24,34.55
01/07/2005,28.8,0.6,10.9,30.77
01/08/2005,29.14,0.53,22.23,37.52
01/09/2005,30.45,0.48,24.16,32.06
01/10/2005,30.72,0.43,88.64,30.69
01/11/2005,31.29,0.43,22.19,37.08
01/12/2005,32.21,0.45,12.18,29.29
01/01/2006,32.31,0.42,19.8,30.02
01/02/2006,32.55,0.42,45.46,30.99
01/03/2006,31.87,0.6,232.52,32.95
01/04/2006,29.75,0.7,237.99,26.71
01/05/2006,29.71,0.72,121.62,25.52
01/06/2006,28.69,0.7,115.93,32.48
01/07/2006,28.54,0.66,17.59,31.26
01/08/2006,29.2,0.6,9.05,35.49
01/09/2006,29.48,0.52,36.18,34.89
01/10/2006,30.62,0.45,95.87,31.35
01/11/2006,30.57,0.6,199.37,32.19
01/12/2006,30.79,0.65,223.13,27.02
01/01/2007,30.91,0.63,29.1,32.34
01/02/2007,31.76,0.6,48.8,28.52
01/03/2007,31.37,0.62,217.77,35.5
01/04/2007,30.48,0.69,148.31,30.06
01/05/2007,29.78,0.7,110.27,30.2
01/06/2007,29.39,0.67,21.93,33.76
01/07/2007,28.64,0.58,8.3,29.75
01/08/2007,29.24,0.52,35.56,37.41
01/09/2007,30.71,0.46,22.21,32.66
01/10/2007,30.84,0.41,58.71,31.37
01/11/2007,31.09,0.46,82.34,34.38
01/12/2007,31.69,0.57,66.26,29.95
01/01/2008,31.58,0.55,43.16,30.92
01/02/2008,31.14,0.61,83.39,29.32
01/03/2008,31.57,0.57,180.01,30.21
01/04/2008,29.86,0.68,220.01,30.72
01/05/2008,29.91,0.69,60.48,32.4
01/06/2008,28.83,0.64,11.77,28.81
01/07/2008,28.61,0.57,7.28,35.4
01/08/2008,29.3,0.5,10.04,30.99
01/09/2008,30.35,0.44,20.05,31.36
01/10/2008,31.29,0.44,75.88,31.9
01/11/2008,31.04,0.56,99.92,29.27
01/12/2008,31.19,0.63,21.74,30.98
01/01/2009,32.09,0.53,20.24,34.31
01/02/2009,32.84,0.55,74.24,29.92
01/03/2009,31.95,0.61,91.11,39.6
01/04/2009,30.23,0.67,172.51,30.07
01/05/2009,30.25,0.66,28.35,33.7
01/06/2009,30.35,0.59,23.39,34.45
01/07/2009,28.9,0.48,6.26,32.04
01/08/2009,29.65,0.41,6.61,40.25
01/09/2009,30.85,0.35,3.07,36.02
01/10/2009,31.09,0.33,49.6,32.51
01/11/2009,31.53,0.37,51.75,34.31
01/12/2009,32.61,0.41,92.75,32.26
01/01/2010,31.71,0.47,43.17,34.04
01/02/2010,32.36,0.45,87.35,32.15
01/03/2010,32.05,0.51,148.15,39.38
01/04/2010,30.58,0.64,287.13,28.61
01/05/2010,30.38,0.68,98.03,29.44
01/06/2010,29.65,0.67,13.54,34.38
01/07/2010,28.76,0.61,5.19,30.93
01/08/2010,29.5,0.52,13.23,37.81
01/09/2010,29.58,0.46,51.65,33.19
01/10/2010,31.56,0.39,1,32.01
01/11/2010,31.59,0.38,46.35,32.06
01/12/2010,32.68,0.48,91.29,29.17
01/01/2011,32.49,0.48,8.92,32.52
01/02/2011,32.43,0.45,120.02,34.52
01/03/2011,32.31,0.54,70.44,32.79
01/04/2011,30.55,0.66,203.11,30.69
01/05/2011,30.17,0.69,99.79,28.52
01/06/2011,29.85,0.66,23.99,34.36
01/07/2011,29.01,0.59,8.65,31.46
01/08/2011,29,0.51,23.22,32.86
01/09/2011,29.83,0.44,70.6,31.47
01/10/2011,30.74,0.45,46.67,30.7
01/11/2011,30.86,0.54,218.32,31.27
01/12/2011,31.99,0.64,292.99,28.53
01/01/2012,31.31,0.61,16.83,30.12
01/02/2012,32.15,0.58,51.54,35.18
01/03/2012,31.29,0.59,55.86,31.08
01/04/2012,30.61,0.63,205.74,31.02
01/05/2012,30.11,0.66,93.88,34.27
01/06/2012,29.9,0.59,9.15,33.13
01/07/2012,29.6,0.51,3.12,40.01
01/08/2012,28.7,0.45,27.49,34.32
01/09/2012,30.35,0.39,18.89,30.59
01/10/2012,31.52,0.37,16.25,36.89
01/11/2012,31.17,0.38,100.44,32.22
01/12/2012,32.42,0.43,73.87,33.28
01/01/2013,31.51,0.55,67.62,33.19
01/02/2013,31.86,0.53,6.67,32.3
01/03/2013,31.45,0.55,184.43,32.49
01/04/2013,30.07,0.67,171.4,30.34
01/05/2013,30.24,0.67,75.77,33.33
01/06/2013,29.85,0.59,4.74,33.23
01/07/2013,29.64,0.49,4.37,30.56
01/08/2013,29.6,0.42,12.85,33.53
01/09/2013,30.82,0.38,32.14,33.16
01/10/2013,30.99,0.44,44.29,33.06
01/11/2013,31.79,0.46,68.93,33.82
01/12/2013,31.92,0.57,85.02,31.6
01/01/2014,31.74,0.53,6.01,31.63
01/02/2014,31.95,0.52,93.66,33.07
01/03/2014,31.35,0.63,148.57,35
01/04/2014,29.98,0.68,361.61,30.07
01/05/2014,29.61,0.66,175.41,31.82
01/06/2014,30.08,0.6,9.34,33.02
01/07/2014,29.26,0.56,7.96,29.32
01/08/2014,30.1,0.48,1,34.67
01/09/2014,29.63,0.47,82.73,33.13
01/10/2014,31.41,0.46,17.81,28.09
01/11/2014,32.35,0.45,41.67,37.65
01/12/2014,32.38,0.49,67.63,30.05
01/01/2015,31.19,0.52,67.49,32.62
01/02/2015,32.05,0.5,38.27,31.68
01/03/2015,31.77,0.48,95.92,35.95
01/04/2015,31.61,0.66,164.59,29.31
01/05/2015,29.76,0.67,272.1,28.69
01/06/2015,29.98,0.63,3.79,36.88
01/07/2015,29.81,0.59,7.61,31.34
01/08/2015,29.74,0.5,20.94,38.44
01/09/2015,30.55,0.43,18,31.56
01/10/2015,32.22,0.37,19.34,33.67
01/11/2015,32.07,0.48,120.78,35.88
01/12/2015,32.29,0.51,67.27,30.46
01/01/2016,31.38,0.47,100.27,30.06
01/02/2016,32.13,0.56,92.59,35.06
01/03/2016,32.65,0.57,55.32,32.48
01/04/2016,30.53,0.61,352.19,32.22
01/05/2016,30.91,0.63,116.63,34.18
01/06/2016,30.19,0.58,38.22,29.23
01/07/2016,29.66,0.49,11,36.48
01/08/2016,29.57,0.43,7.21,33.34
01/09/2016,29.88,0.39,33.59,34.34
01/10/2016,31.03,0.37,44.07,34.84
01/11/2016,31.26,0.42,120.38,32.54
01/12/2016,30.88,0.47,87.07,32.2
01/01/2017,32.41,0.43,11.47,30.5
01/02/2017,32.1,0.45,93.6,31.39
01/03/2017,31.8,0.55,111.93,27.16
01/04/2017,30.56,0.63,170.78,28.95
01/05/2017,29.38,0.68,146.81,29.04
01/06/2017,29.84,0.65,55.87,33.14
01/07/2017,29.3,0.58,8.15,29.51
01/08/2017,29.55,0.52,13.65,36.65
01/09/2017,30.21,0.47,48.36,31.74
01/10/2017,31.43,0.44,161.52,32.77
01/11/2017,30.15,0.56,150.08,31.53
01/12/2017,31.49,0.59,58.72,30.4
01/01/2018,30.54,0.57,79.8,36.72
01/02/2018,32.65,0.56,17.49,31.47
01/03/2018,31.19,0.61,201.74,39.76
01/04/2018,30.19,0.63,275.65,28.8
01/05/2018,29.66,0.65,120.05,30.9
01/06/2018,29.44,0.62,14.46,31.64
01/07/2018,28.57,0.55,23.25,26.46
01/08/2018,29.13,0.48,13.87,37.92
01/09/2018,29.91,0.47,44.13,33.23
01/10/2018,30,0.43,103.68,31.43
01/11/2018,30.48,0.4,87.6,37.02
01/12/2018,32.16,0.46,120.58,30.51
01/01/2019,32.76,0.54,61.08,31.8
01/02/2019,33.07,0.53,38.02,33.51
01/03/2019,33.38,0.55,61.55,32.81
01/04/2019,31.84,0.58,202.56,29.42
01/05/2019,30.18,0.64,255.93,31.4
01/06/2019,30.39,0.62,14.34,32.51
01/07/2019,29.57,0.54,9.74,30.7
01/08/2019,30.25,0.49,24.36,35.62
01/09/2019,31,0.45,22.31,32.38
01/10/2019,31.21,0.52,228.61,33.89
01/11/2019,31.66,0.57,168.87,33.06
01/12/2019,32,0.63,191.48,28.34
01/01/2020,32.11,0.61,96.99,30.71
01/02/2020,32.49,0.61,168.44,32.8
01/03/2020,32.23,0.65,255.94,31.38
01/04/2020,30.86,0.66,410.67,31.69
01/05/2020,30.49,0.63,128.79,32.88
01/06/2020,30.51,0.57,20.67,30.04
01/07/2020,29.43,0.51,25.89,37.61
01/08/2020,29.8,0.49,25.4,32.59
01/09/2020,30.58,0.45,22.61,30.58
01/10/2020,31.52,0.5,94.34,32.58
01/11/2020,31.13,0.6,166.47,27.82
01/12/2020,32.26,0.62,50.72,32.29
01/01/2021,31.87,0.6,72.11,35.31
01/02/2021,32.02,0.6,87.3,32.22
01/03/2021,32.39,0.57,79.65,35.1
01/04/2021,30.38,0.6,295.59,29.77
01/05/2021,30.12,0.6,43.44,31.7
01/06/2021,29.74,0.55,29.99,33.96
01/07/2021,29.45,0.51,15.66,28.29
01/08/2021,29.75,0.43,18.25,36.93
01/09/2021,30.68,0.4,26.94,33.39
01/10/2021,31.43,0.36,21.68,30.09
01/11/2021,32.12,0.38,105.02,27.51
01/12/2021,31.51,0.52,182.04,29.05
01/01/2022,31.87,0.56,71.6,33.88
01/02/2022,32.19,0.57,81.22,32.33
01/03/2022,32.6,0.55,73.38,34.58
01/04/2022,31.29,0.59,165.37,29.74
01/05/2022,30.76,0.61,41.19,30.19
01/06/2022,30.22,0.55,16.74,33.47
01/07/2022,28.78,0.5,17.18,33.75
01/08/2022,29.18,0.46,16.15,37.19
01/09/2022,30.05,0.4,19.92,35.24
01/10/2022,30.52,0.33,24.04,29.77
01/11/2022,31.56,0.35,72.52,35.81
01/12/2022,32.18,0.47,84.57,28.99
01/01/2023,31.84,0.52,39.62,30.93
01/02/2023,32.51,0.55,26.46,28.55
01/03/2023,32.27,0.53,88.64,33.15
01/04/2023,30.72,0.62,345.36,27.94
01/05/2023,30.77,0.64,80.83,28.17
01/06/2023,30.05,0.59,41.48,33.62
01/07/2023,29.8,0.53,14.91,31.11
01/08/2023,30.24,0.5,25.39,35.25
01/09/2023,31.13,0.44,25.43,30.65
01/10/2023,32.18,0.43,82.11,30.13
01/11/2023,31.02,0.56,317.15,29.9
01/12/2023,32.45,0.62,129.24,29.01
01/01/2024,31.83,0.56,151.77,30.71
01/02/2024,33.16,0.58,90.94,30.74
01/03/2024,32.44,0.59,292.87,27.94
01/04/2024,30.5,0.64,474.05,29.84
01/05/2024,30.77,0.61,114.58,30.88
01/06/2024,30.49,0.58,34.27,29.14
01/07/2024,29.67,0.56,16.79,35.28
01/08/2024,30.24,0.51,22.87,30.79
01/09/2024,30.69,0.49,24.84,30.02
01/10/2024,31.59,0.49,54.64,32.1
01/11/2024,31.97,0.51,73.16,27.92
01/12/2024,31.93,0.56,171.42,31.64
